id,Probability_of_class_1
127569,0.09772575283247631
120141,0.131754929939697
127061,0.08221356458080951
122873,0.03673189917994543
157685,0.39695103346239025
152280,0.043339937679905044
116884,0.049948318282964387
146753,0.08931581963315283
125124,0.08390994406797678
124892,0.07611690091443149
132547,0.10268942246926537
142109,0.07047002167006615
160609,0.4916890388015689
158799,0.30708010186453505
120215,0.03491684879927448
143257,0.15752231623903515
121468,0.1241295752835134
130782,0.1337965218142529
145850,0.18943519820601873
158432,0.09890927887574996
154905,0.1083070491643749
158825,0.34768380169174185
126149,0.07246157088926214
143835,0.07812560820447727
120209,0.06169402076066825
143249,0.07864296981745163
121890,0.05375683959727812
142830,0.07747606548488646
139654,0.11798697155445069
130528,0.10206743556607982
135056,0.08471540016031437
139864,0.07049972091510807
142991,0.07182054323666033
135548,0.113089948913314
139613,0.06370068562324566
142467,0.0758423611089074
129880,0.042289987893248546
140641,0.07378430644354815
158961,0.3480686323360787
118086,0.048011166800072114
148945,0.07516423432715762
137529,0.11105118558330655
154174,0.06398408993182242
134453,0.06586899543807603
124067,0.07538442544972856
123347,0.06396654163730531
130087,0.10904001285968536
118127,0.0920747036541008
159185,0.49484341944733934
127648,0.11284439160275817
129362,0.055589294259503534
158486,0.09384911235271966
135823,0.0779092031763913
121799,0.05939982185390995
132563,0.09010643535655793
136355,0.07997952629948508
141409,0.09911864448304346
145584,0.2794863621983158
148676,0.10100264370720628
140626,0.06741592660354935
119926,0.05844779524543696
132535,0.05425926822464936
118302,0.05362208032465562
129752,0.10270425149923555
125887,0.09326469106475752
138776,0.06864061413898659
143566,0.06853299477488621
152963,0.06671320965532863
151089,0.059871897937835
141040,0.15296032859953743
144801,0.14584307093390175
146746,0.06484223731816487
153810,0.06135609436359209
140464,0.06313115205777864
139602,0.0789742103934504
131958,0.0633700352175049
146219,0.1714501198966402
121186,0.06310196985907617
144042,0.08208850871087828
129833,0.08184213417681294
158975,0.09099221668465933
121052,0.04517424061548147
161088,0.220492394839453
138803,0.07821325191329692
120051,0.06477790273119587
124704,0.14496213485899093
128796,0.10451409605919372
122700,0.03832030159834497
142909,0.10059861103452668
139070,0.10045075277189643
117016,0.0591824824791439
117499,0.05025262279356338
131232,0.11741626350975254
141232,0.08136745422532055
157015,0.31721423644923624
156998,0.0675912608831504
126456,0.08683850915825794
128245,0.062414411236862206
143397,0.14662785563523126
143715,0.16093704563569083
160031,0.314985563894122
142784,0.08254190430278055
148371,0.1615786445590919
157768,0.2299227438141908
148056,0.12155203706927735
158014,0.20255146347362638
121755,0.06666610469741202
138976,0.12979108493631047
152065,0.04295246156757663
157888,0.3644113254155873
141252,0.07787771888294558
142602,0.11048760002611428
147481,0.12865226501136587
158060,0.16539938165178608
129397,0.08041081694666094
123964,0.06833446908376335
135894,0.12014677627581101
160304,0.30200756110216853
119903,0.07349009578635338
134791,0.10243801959484829
136687,0.0757147523235092
132212,0.05259118052741216
152666,0.1490606432743703
135623,0.09562715748212938
118413,0.05498424816050845
143477,0.07057980824683599
134435,0.09375245120493657
161056,0.1059973087762079
160525,0.48774255688105617
119654,0.05340585038275193
122271,0.0696153470925202
122192,0.06515304379457215
139636,0.07626679801177676
135699,0.1063254344434402
129400,0.07569722502178437
129382,0.055063521551810976
149035,0.08825239931571918
125618,0.08438902177787541
138115,0.05857918845856826
159111,0.4309559923179868
152037,0.12267054570050355
148789,0.07642091849190051
152095,0.17193509253622571
135365,0.11802720702661854
125268,0.2090224728904309
145225,0.10299507327951911
125494,0.09296661354930982
159536,0.32081930610574866
139678,0.06575176169047749
120178,0.05374113308943524
155198,0.05424900158650477
136933,0.08386326596412949
146252,0.09339833923632214
137406,0.06981238042079009
135470,0.09606309159810256
144995,0.1114075168794009
136938,0.11792741194515269
118619,0.07047251828441088
160237,0.18966858887890217
142584,0.0769457933227165
135393,0.07833782540862018
141261,0.15691450702015516
147446,0.27456681607616534
155734,0.07369070412395361
140101,0.09835958851159776
126782,0.0833322193999002
123970,0.10967211411246212
139662,0.08294812884661736
123416,0.05478355170274165
140533,0.05490124156250065
116700,0.07406548685846655
149182,0.07054006851309619
159679,0.09862554325413458
138724,0.09296404072832701
139271,0.07582879210955162
147115,0.3201131000684557
118703,0.07418065679725205
125403,0.10169190310553272
145230,0.13962694956883098
147353,0.1025725277917403
120718,0.04806870636097501
137183,0.04996043056502571
141057,0.11118847634770315
130030,0.05243057096031779
160607,0.24340944856791336
130800,0.08695539052636801
159738,0.19756208291729616
130526,0.061483925044674675
140924,0.10977606838178727
153220,0.042723588887599626
119700,0.061363334218513574
138229,0.10441284241589584
159574,0.3194354962491593
119900,0.07228882736901372
143868,0.15572832067807166
139726,0.0670714763892697
138927,0.11978860820461464
126970,0.09862284419792414
142826,0.1271780558927518
140542,0.06567506704171311
122258,0.0447112771338812
139295,0.09780773222423624
146339,0.23695340141502458
130605,0.09575411921889208
156396,0.12166323890480205
120490,0.06495519858548536
118766,0.06331920140565389
137080,0.11029777740657985
159365,0.16864667652512122
154103,0.09043815046529245
138872,0.06111983398303251
137970,0.07580480345308
148028,0.09177071603432513
142564,0.08485165273472509
116390,0.03950967508338337
145114,0.1345325130959489
151031,0.0999961089431513
132309,0.07497025721978975
151015,0.05613519365675124
140136,0.11835963419692
118468,0.0511235161150312
127817,0.05542397866330747
130577,0.07851260819748775
150390,0.11802578285667667
123667,0.07951162332110043
155271,0.09831503545933859
153745,0.08188532415211375
157828,0.360065677422934
126047,0.07787975545980276
137535,0.10897579004196882
135918,0.13260362910461587
153256,0.08589707987797782
149105,0.11257650300468416
119412,0.0394789200977897
118758,0.05422440285808856
124331,0.1666462144932093
127077,0.07097670212684747
141989,0.07752262744014411
134035,0.0659928785754006
125895,0.05957467912426999
117501,0.07376474566958505
149277,0.10186982817029913
124825,0.055335124790113696
155551,0.07396170136509561
130209,0.08332304921350475
132751,0.0658170186086546
160056,0.2572150948644136
136240,0.1262683067432733
125087,0.12661392829224188
136886,0.05625295158288621
146050,0.1910620493001093
151978,0.06535383320220138
160164,0.20040939809505096
131686,0.07101628855109221
151260,0.052016879442581127
141546,0.1460257604768071
139304,0.09038707487448812
140900,0.11747945841727192
150204,0.11175448858911859
125663,0.06706606605261897
120897,0.07217890095842999
135899,0.09870932686931524
119075,0.044045808402591397
140044,0.11570566033943973
130860,0.10650410097791796
149673,0.13164810833080307
127741,0.07764368570819373
129924,0.06982710737923467
148657,0.08441807597501454
144497,0.08115021694613454
152656,0.06505661566780027
129354,0.050795964562740915
117061,0.0590004083943833
151300,0.06312015242846802
141528,0.09574947629565819
131625,0.07170970842010012
157189,0.25735505650662627
133377,0.10134614299521844
146617,0.18353090681678716
150891,0.11887553184583582
134106,0.14055208075568065
132384,0.0597416254286605
115936,0.04933795723632919
125920,0.0875645032733918
119517,0.05191759986100641
160021,0.3657680187598035
143944,0.1253940323416825
120986,0.06728567816559075
156554,0.3242136095022856
142089,0.12333398640243551
129841,0.07515938215278367
154058,0.0748357748096436
159230,0.4321297718903953
126602,0.10101678083650632
119800,0.05806440446474353
129970,0.06819557601169822
141380,0.08380678847763397
142657,0.1802086916027071
126197,0.10415795894576307
160505,0.37890915303716544
141460,0.2833882174474415
119008,0.048843377766510175
126095,0.05744433794194993
152967,0.05351103190946702
152147,0.04910907229869812
126779,0.08946983321921818
147685,0.12075033814922934
137937,0.10431447665124048
123565,0.052277022295794465
155029,0.14063673132366558
154038,0.11119654629790968
145573,0.12719426868704967
144306,0.18017544744281414
118116,0.06895023171731722
156477,0.0696776105350064
117175,0.059422571038309786
131005,0.056997873998067966
117229,0.06070907652765715
124285,0.09348844693773409
147990,0.10456467553115953
151060,0.04518697370880923
130759,0.08551919350563811
137752,0.07858567959343425
132189,0.1010651774124005
120391,0.053193537316573544
123921,0.2218477475582013
149955,0.19942991320829648
157415,0.27924589037659103
128710,0.07971579618201886
160116,0.29231485539040375
142276,0.08641735441414958
155325,0.13279530379959964
126374,0.09491466633072468
130732,0.07136119786386574
155957,0.18663476796513442
140072,0.07340341654694922
146524,0.09663332323149978
127642,0.06959488126846189
132611,0.09609631454741907
148628,0.10642289554030888
149963,0.13639112162163228
152717,0.06939078149242343
159170,0.458455117055676
119683,0.061518826340190264
131466,0.07030882697196186
151222,0.06190000757740014
131672,0.16657363540035547
118538,0.04169593588476066
158834,0.19065793224255792
127448,0.12729247285684725
158157,0.33966122340418736
151851,0.08392602935913959
120075,0.06315628169807086
128931,0.1118973738848084
127090,0.06735643495009383
157301,0.25085802052649603
119651,0.05254701041467244
153399,0.04965465190443072
137135,0.06495736731271859
116246,0.085185083657523
151512,0.07134136983257208
149494,0.14613823629156894
132979,0.07097644719855255
151572,0.05696002542640076
155062,0.10083655150454283
130720,0.09637497595145077
118465,0.03467054015699616
151579,0.053396402226257696
137182,0.10265419271947476
143742,0.13793198459914555
131379,0.08683471162797429
130241,0.06287164136297406
126036,0.06820430832886223
133280,0.06640949936730799
147816,0.16803252467197718
141544,0.11654571982631552
158099,0.15176960810334572
147161,0.39564792899698104
135700,0.05670200565004239
116846,0.07064916798251997
139916,0.06411572910931995
150015,0.10553138869902559
149784,0.21738390790294307
150636,0.03799437606808161
155946,0.07244144810119431
122542,0.07206245920981996
145822,0.16633732808590979
132905,0.08180017063440068
156503,0.29914953513930587
130069,0.07569698268831192
145257,0.07224254590176092
131599,0.09465934280290372
123907,0.06653952025331283
132034,0.09302740995493144
132186,0.07959055432374536
116504,0.044126770022036556
125065,0.07085703313205827
122181,0.058303929228854044
148615,0.10186728724554615
135213,0.09497496142516487
143801,0.11874098757916099
156875,0.1083239676777563
153737,0.05628724052441946
150903,0.08669198609242282
146565,0.07100093595179997
153296,0.13992338743900049
136530,0.10858135278138283
156588,0.10203259745496059
151838,0.08800782959958582
123034,0.1014190366867916
120867,0.05836355638442387
121942,0.05220087056987509
155264,0.10548330876400672
122516,0.05716892844660847
128538,0.09644365581649947
122133,0.2097353768656488
155400,0.050401670275723696
136383,0.09274123539587867
133964,0.05922506918967271
150162,0.11443936801433519
135044,0.14437295908727546
133731,0.05621062706172334
117799,0.046203388048327965
153094,0.06913115148711975
143900,0.1390831005897853
154752,0.10971183738217537
127163,0.06061650037098995
126622,0.09587344731825155
149377,0.09699603979199721
126690,0.1000771240845963
148548,0.09510307912277324
134231,0.07887485578758373
122082,0.07280005919682678
120131,0.05197380604265651
131514,0.13450235378894976
138387,0.07023824002307628
154973,0.07899304104213051
119018,0.06200818137448524
137580,0.10759571846468245
148196,0.08574771768852531
132497,0.08590787019358836
148527,0.09967487625000308
131637,0.06926944304319146
134463,0.05700365715128666
138097,0.10570367672668249
123066,0.06264589401207644
119625,0.0501124298446497
148438,0.12002876062041158
154796,0.10546890494979139
135543,0.0962505288893195
127506,0.0739654665336798
122169,0.06096403221209666
134614,0.08702441258955117
156757,0.16240230293868738
142170,0.07461903756886293
140758,0.28752318854429576
155544,0.0819604871460356
154933,0.06151445744743241
156629,0.2987314989540227
118845,0.05589136936241417
123498,0.06938634851765922
117258,0.0601364037306252
137804,0.10056519025335856
143318,0.1148425239034868
132074,0.08231879597284544
148316,0.09201016344928083
121716,0.04468456292632682
133112,0.06584653190899831
144078,0.18839122822100288
120712,0.05004002968569166
117719,0.061978683026296534
146377,0.1972492485281214
142887,0.10057345426267944
139607,0.07018244067474122
138300,0.1269144570980594
134346,0.13830616686826422
124090,0.07830528128185457
119751,0.047583505832930174
147876,0.06597360281855627
150699,0.05569372338743821
119542,0.08079266776741004
126596,0.0638139382378346
130326,0.07983786451928884
118923,0.1063810514587201
147786,0.08079560928931688
144786,0.23901432535830244
141846,0.07317789304103353
119084,0.058657183608653914
155296,0.12484245029839924
160818,0.20529172232156526
141255,0.0674992395587503
119631,0.08628324171920496
122005,0.08557826631139341
147877,0.07463579194625541
135288,0.09384200591311533
156829,0.12056601712171018
159239,0.5253506978516278
156078,0.12747433065706798
156764,0.2883267546855856
116000,0.09458181525516962
152850,0.06896804973420842
155046,0.058359590608404455
118805,0.04842396057153341
155332,0.11743929411395752
117291,0.051669175205881886
158164,0.30152419857011903
160190,0.1672207158455097
136819,0.05972779537911449
145539,0.10318160233865398
131738,0.11417097669380183
130324,0.11095640750354223
158578,0.3595990775574188
160771,0.347028763395783
127697,0.10065593443759495
123101,0.05394236082630882
146517,0.1495306147226661
139526,0.06981111083288899
127586,0.06336562817193232
148757,0.13203857000103245
151738,0.06620765873023148
133441,0.1752513871667264
129296,0.09096726337652045
157753,0.22705415266782872
160974,0.27468350645433753
137570,0.07864867613599255
126072,0.09782610454774869
153124,0.1350398139257733
145081,0.0764672558932524
136654,0.08831166490501598
139803,0.09690308991636878
123779,0.04422942040892635
130254,0.0937686460957255
139164,0.066566109858207
117314,0.055699187572418006
146051,0.25316737605358897
126405,0.07575747173885362
141403,0.08082763865817197
155917,0.1973986945665564
124124,0.08781900455295998
132838,0.07229904780129763
138186,0.11880466332196703
156314,0.15599424253851424
159694,0.07980463070366389
138557,0.10969208895100276
147336,0.46502953068467456
158035,0.12876621418906087
136413,0.07692337764286014
153970,0.2141735401869023
137605,0.0830432544547079
128889,0.09628062649308257
123064,0.07318652507958241
148365,0.09516161397262594
140566,0.06678389328536163
132178,0.08709602238792527
120835,0.05577843319067167
160005,0.2832005565942124
128952,0.0717138654348975
137853,0.05359539471941043
127300,0.0935770855132518
126382,0.047954888428908334
159936,0.09657051968379758
153318,0.05434894363853
125898,0.10814016453425286
149093,0.12412553002189056
160925,0.2623161572335794
158777,0.29467000139509125
118763,0.05110069069635108
147517,0.11604245057002369
143643,0.11617628473707234
126025,0.08274127128330504
125237,0.07429029665001952
146593,0.164767098705567
148862,0.07312862024555591
149063,0.10578730240720371
143608,0.07090531877335723
120420,0.051411516057205314
116821,0.0428743511234003
120802,0.07545476960123278
149107,0.11431238184477717
153638,0.048089543532283646
159991,0.21887582456661694
137157,0.06120668264946644
121152,0.06595665377431939
126075,0.08599287685171386
157821,0.2323910163245424
143117,0.07271619233586146
154407,0.06339674946363955
117625,0.05683182007261148
130406,0.08816159828655196
121072,0.05579429363513877
152764,0.05698025753271632
144122,0.10550374344197792
125767,0.08684705840404769
127051,0.07701190344115819
157491,0.34076838890471
143043,0.06318142493082302
121404,0.05144859769292174
124696,0.11362770781674843
118446,0.1582872545628269
120937,0.03726056480204309
118613,0.0432496313407559
127370,0.0942326467419299
158936,0.3002310415818026
146778,0.1745704366889228
154390,0.08408913252535723
127618,0.07371626033601163
138812,0.09731165988442171
119642,0.07213904284517325
120463,0.04493769249757656
139842,0.12798474576996188
131824,0.0663375026794458
131673,0.060615480902703585
117810,0.16464555291661642
117255,0.06592798406370197
132201,0.07798904627921636
138154,0.08540503802121437
127865,0.04760017932211894
157262,0.14134235502577908
152303,0.05765293802027785
151754,0.0734199360850534
126876,0.08237640789508918
150535,0.08000572964588332
152894,0.0756559315768045
154162,0.061040477623098964
135722,0.08884199144988303
155440,0.084065487105252
125357,0.0798622939703086
160040,0.21142024212279142
118745,0.04879262850432563
152120,0.07817006364409872
124326,0.07899171051815328
156773,0.15028290301847086
139527,0.10308354609392839
147239,0.3563121050007153
151118,0.07712591202940308
140651,0.08183801590074911
153298,0.08477048654700789
136508,0.0747153261925384
156268,0.4209138728929102
142831,0.09887884137666533
121823,0.08941038704773031
144430,0.10122208758472132
139685,0.07040049504162263
120120,0.05552473335060103
129003,0.08648227852839191
128374,0.12288584396545178
148454,0.07033457812103332
129320,0.08267817186807486
125931,0.09688392711161459
120936,0.03792542795835436
124368,0.0625100965430217
128206,0.16445462614632256
122447,0.11034440655595402
140716,0.06634001296179481
132471,0.1170542821928828
160490,0.13919212276714332
126406,0.053720888648513335
144134,0.1828459938140968
153312,0.06023550561208201
158030,0.21392900621637914
125478,0.0713966886691434
117505,0.04231391274295098
136971,0.09374334458251372
125698,0.10447966936497892
133654,0.05783671544665015
145724,0.15993100095877896
122110,0.06795548622626342
159305,0.174770577172743
128247,0.10081455576891729
143769,0.055449313002431985
158855,0.25263973597177
158971,0.38044317981455167
124861,0.12136885741069933
147019,0.10606684860537342
147910,0.09277173593339905
119196,0.05215417288276464
124091,0.08601348669672139
143289,0.12385312938796812
149774,0.17130962688491627
120587,0.06509814672931552
148321,0.0857847067295968
153186,0.07947755762766899
152836,0.08926352748382335
148482,0.09445244317405786
157420,0.41343641005079235
143280,0.25095023003927885
143495,0.09889310969445668
138735,0.08695450785220091
127465,0.06687317188903528
125022,0.07719643778715156
143580,0.10079291211741995
148396,0.08025963868356431
152034,0.11246560198497703
117025,0.057805864584883924
130976,0.07677047709433843
124939,0.08907131536097378
120799,0.06899336280036977
116051,0.05432866439597475
159280,0.47520496611462243
160965,0.4109898896251812
132757,0.05744517492071448
124720,0.14413294085401632
152668,0.038076131133828815
141477,0.09911048003097195
125050,0.0724228242997834
136366,0.11795778465448532
154631,0.2063160720357965
124365,0.08800749368725719
128454,0.21552865156805884
127905,0.07915843123896453
128657,0.06860121220384405
153117,0.05227163852759661
139860,0.08349569602625384
139196,0.07378565999143746
124155,0.07448787556681219
142361,0.06721636508935107
152874,0.03740078116950562
160478,0.12387719497410353
124038,0.0876849302191279
155638,0.12999482942455912
138216,0.06933485909611131
125262,0.09763507325806942
149850,0.08316769730204766
156971,0.2849791087406093
133281,0.07808401727273952
150185,0.13732031940374112
141533,0.07130077337887167
131205,0.06488462715613277
143555,0.1017283074864082
119529,0.050532269955644235
144429,0.118853764675579
160101,0.36598205449593796
151350,0.05121260757704922
158814,0.06477821620448605
159477,0.1087979344181869
126850,0.08111320715397194
120143,0.08990922493721776
117657,0.09982014848969152
126581,0.08017051897739587
135467,0.11020390886494667
126237,0.05880011980299297
125982,0.09736153722845252
148100,0.15539351331468107
136810,0.08467141260881468
117416,0.05782506818590682
120894,0.0917730203647894
149209,0.12953432184776512
117296,0.036651412270519025
154062,0.05309238616227257
129125,0.10841161298781794
153484,0.09235478662864897
154042,0.06225397806978502
128151,0.11435817530352574
124390,0.10961974320895176
158282,0.3174917332404119
117568,0.06671070663548577
152407,0.04067343553635724
152779,0.09106620863371462
153454,0.0789988367724726
136061,0.06424120618249222
125288,0.12661326036879922
131373,0.060376578593087614
141235,0.07588283352268116
127362,0.08812200803808787
149811,0.2963216064286895
143686,0.11728183439404517
132708,0.11165181282623869
160571,0.26522371611051637
143545,0.06457931668698635
134498,0.05819574214032886
137154,0.09919319039892564
157949,0.25319723335731914
160726,0.22482746098336684
148565,0.0852680105276586
124786,0.06783099114332562
118861,0.05561436210241681
156077,0.10756193252003325
127335,0.09627077591278854
159413,0.18305487802540935
130745,0.09678953835313031
155875,0.12295517432820377
122925,0.07389977972299329
146812,0.14120249990285924
155748,0.27017987941777943
145640,0.08197452835229768
125705,0.10194861153048725
160905,0.41126495781253314
127985,0.10431378997250705
136198,0.07795690137315012
139463,0.0664009693541846
130308,0.06751601631494598
156353,0.12833968551254404
116202,0.047483029154814026
121222,0.03771258100446262
153983,0.04756104900863601
151823,0.06318086905642381
153691,0.07577727636792238
118152,0.044392550758724746
134055,0.10476220743007045
141596,0.10175082723105731
119139,0.059058715020931546
147714,0.08291534720221927
159676,0.0859297402484774
154780,0.04448435294949153
138325,0.07705685139137941
120485,0.05108626500553616
117081,0.06481597523813842
117173,0.0424826525025208
129784,0.10872036066463645
146767,0.12033845583749551
143587,0.15109745580492637
139079,0.06732366102676254
134919,0.07794172327083321
159576,0.3221223439247131
145811,0.07070893786051481
145417,0.12423415254989742
138051,0.10483443866829038
148677,0.0768258062726797
137213,0.07217061344655114
137842,0.08540591103178766
119822,0.10736477741046795
119872,0.06471727829794789
154305,0.0767640745289156
156206,0.11001435129341093
151319,0.25580594895771774
144834,0.17908362957561533
135998,0.10146127687946983
118783,0.045194880318928134
118869,0.04114348272232559
159287,0.27465344280800336
137177,0.1108277476297786
151158,0.074222935854866
121092,0.061449877439566106
157151,0.2612068004005595
133798,0.10024767009636777
140134,0.07786854603785115
155241,0.03738783916882954
119935,0.04827560508282895
139725,0.10356921290649437
158859,0.16518741915452162
132359,0.076557276036247
117860,0.056180973798208536
120343,0.0582435016348018
151365,0.12282544676167056
116744,0.047195036914485435
132715,0.061676165594844
120661,0.10349521480607608
151857,0.111018448907326
119034,0.054978988965062425
154297,0.08340017029812423
151602,0.06277505603920792
157506,0.31217876083846596
149450,0.06968997225357038
128640,0.09678340674339145
136735,0.06198699419724209
159356,0.3320329978208708
117520,0.05149203240122823
119382,0.04207087402467427
156210,0.20769108493173546
160439,0.33470497557141765
138447,0.1500721232877034
132244,0.06396341292518669
147474,0.06687571434432935
117413,0.05322517066298137
156095,0.11271472951364915
158404,0.27306957135337834
119069,0.047405958787587514
126261,0.08602657417421958
137244,0.059008115851570224
139370,0.08038900632857778
161047,0.28235751089867217
123711,0.05641298104439836
152448,0.1099720772417129
140947,0.0944047192100008
159102,0.38515126082749895
142387,0.08922274561427716
147289,0.5366839761251992
123641,0.03964387504190526
158287,0.3400677526576038
118625,0.047265218995634004
142996,0.3158482222503553
124386,0.07977968066502862
149639,0.2895859014756384
138460,0.08261119876969536
127488,0.11382600878566736
143263,0.0720804064875714
146784,0.12256374433743146
116370,0.06070314879208479
152848,0.06733385696625292
124528,0.059516493059609835
145747,0.1440246056108312
120329,0.046767777217783434
160568,0.3305857210694745
118376,0.09539632402723569
159892,0.11978781818959891
149312,0.1984781017376256
125101,0.13729031043720108
120667,0.05457430230419492
117446,0.04721387982818913
152241,0.06730252835798693
129704,0.06164742397313431
124065,0.09157300469192484
119100,0.07141634955157129
160214,0.2117664798718207
153856,0.04891083480331683
121416,0.06754877021086717
144249,0.08050594505516932
142812,0.11085869687180482
143064,0.12013344270217591
123637,0.053714214474185014
148966,0.13094812873071973
123985,0.07472699126436894
130638,0.05421230710948386
151053,0.09123347204443465
144064,0.13208087764452833
154797,0.20839813470987545
157527,0.25683865928897687
117653,0.05197254240760921
129107,0.0765913729979062
158023,0.28058147303035247
134681,0.08532481841095396
149988,0.15905145584146324
124487,0.12599637008782635
122184,0.057234047334367884
128424,0.10737762150224175
118328,0.04774706826133014
124452,0.06835925546633032
145371,0.1589344234876507
136328,0.054379813640023665
123040,0.0382308826842128
155158,0.059457941073848004
137202,0.09095385257299031
144958,0.16365571351831443
129845,0.0999344205975103
144811,0.13600201698684378
124243,0.14693871346612036
146645,0.07021953455985745
120389,0.0436595560160045
120792,0.0640365619467536
118171,0.06459037519652702
146500,0.13436260912254308
130654,0.05749321759921429
152188,0.065069691990189
148592,0.14297883075044404
152583,0.09498260280425298
138809,0.10928738679204254
143721,0.15699828393800314
144379,0.12358725308233615
127320,0.08787343832121479
137196,0.12249090671437436
149066,0.08410183484905077
119229,0.061695931710387925
121663,0.04538730482009878
130248,0.09052914990715347
152687,0.0712789830236975
140747,0.06510068389308912
137979,0.12435747564937202
160029,0.3492084671645413
120304,0.05531819789002826
148304,0.13457599640520476
150553,0.07407903093859664
120100,0.040487326128315376
156013,0.19829381834936716
138888,0.13003058566872647
130729,0.0942644442302465
159606,0.25508907641081957
145388,0.13160977037189212
152271,0.0662979384840398
142939,0.13475675326273032
137317,0.07287595253424074
133369,0.05516180263404572
147010,0.1495243533236148
160941,0.354701121916704
119460,0.04704470217012365
139072,0.15548340580503076
121090,0.04973228554120291
140107,0.09552477674184993
133074,0.0592197165525965
144265,0.17012769941375863
146944,0.4156643955134154
160391,0.3089453529512823
142656,0.07329868812081124
119855,0.04404586133814752
153697,0.06327559266881495
131077,0.0818839157848374
158415,0.10944258625789559
145870,0.20198107625534176
116996,0.17529522900182803
146088,0.07456188274736833
129413,0.08049890314195973
143820,0.3671540572849383
125505,0.16867416467500296
120857,0.13212736181649853
141288,0.0777019332391631
139020,0.08135849569850435
146317,0.13274663529006703
120160,0.07066400925458338
145204,0.16170260480242737
122074,0.054625344995732454
121624,0.04317081797880569
130670,0.06528567442305115
151125,0.1020649393916118
144675,0.15827638681351303
118428,0.07605808391650777
126009,0.10510273983601441
152462,0.131779565727338
147411,0.1394547213136783
126558,0.07189188216114575
156937,0.26118125172537215
141500,0.08629139812399027
159763,0.27758848852138224
159890,0.29085751474008986
122675,0.053815284558488455
148409,0.06377066211196451
116060,0.07495210525405101
134222,0.1582668443565894
126190,0.09130715789009565
117120,0.052694356825233844
148578,0.05576092893196707
119539,0.07142489189750066
159699,0.3541245052118682
120003,0.05936560654467987
158924,0.24934040173206576
119421,0.034323329242816565
128596,0.09960565446043164
158533,0.14018379015525048
156465,0.235524684549512
130295,0.06149129924333087
137295,0.06021919071222832
150589,0.07103811215180389
139660,0.07098524966421482
123428,0.08149216187805937
137610,0.13387518524883268
116562,0.05539382171427844
130550,0.057363881843354676
144485,0.11408966482461515
135143,0.10938406290573127
118370,0.038429605721675045
116615,0.05991313914636908
120234,0.0654368833259191
138562,0.09029897148267062
138944,0.08458201919925262
149816,0.21610546018977678
131297,0.06420515493068359
142427,0.11644303487780433
139657,0.05471300934090344
154555,0.0621805746116627
158068,0.34808786365306965
130186,0.07591793106830642
142403,0.10632015691206778
126547,0.08697088719865455
154579,0.03503401211520282
144389,0.3375616637464015
146678,0.11193792114501236
121904,0.05967480780641057
116958,0.04381090043974885
129680,0.07890484214206832
116878,0.04152750498241001
138040,0.11578113384267395
134561,0.09456745184748518
133168,0.07165582675721503
148528,0.12125964336134747
122998,0.11882424941472396
159424,0.3885765818033065
135728,0.07396805016780385
159318,0.2495780274789923
125543,0.08070653115239934
119724,0.06177298891234877
129254,0.0676101111967462
119247,0.02397034424356461
148810,0.09400957070892299
125015,0.09394864814141293
151670,0.06021942964306761
126829,0.08813520230323384
125052,0.10111942808471532
118934,0.060226735954059814
117955,0.03883125862511739
138921,0.10939954874221022
157210,0.342709336588632
120358,0.05048859904337089
144523,0.18101340246262354
148490,0.06731638265166835
117133,0.055277586216205724
126361,0.11498932157275486
152474,0.03423415194046458
151970,0.05251611155998002
122917,0.051679723878319477
122969,0.059764143683357404
155496,0.19666827065600506
136590,0.07635999044418453
138741,0.10415231158035931
137223,0.08700435869065032
143553,0.10525824697501712
148352,0.12036241091578269
120605,0.07184622109043748
158027,0.16118025919314263
135109,0.09473154582584702
122737,0.03505119223899456
126768,0.1047666257811449
145314,0.10435605482167049
127419,0.09757895950545654
148397,0.17459313956374692
119383,0.03662062887666126
123745,0.06897512483649622
142249,0.0840343507732586
126985,0.11138692364219038
149675,0.19233074581898926
148404,0.06623353399266971
146411,0.1223145288464924
157255,0.346745239695888
118138,0.051160798467980655
144512,0.2433585907262118
134444,0.10871562329112812
150275,0.10062113998331822
141044,0.07619581010516774
151474,0.042209306837542336
124212,0.09271779198523288
135634,0.08612923159456115
130604,0.06496038260704279
156365,0.10900244276289416
136540,0.08309277675197402
150857,0.08049407711314512
155795,0.1351602825415162
127258,0.09555703526077529
129033,0.09142260513746252
148276,0.16203119148578743
152805,0.08847304100232815
130562,0.05264277658255923
127263,0.07826071625846161
125956,0.10129373512528687
117269,0.04992550229038545
129526,0.08058864185260521
143791,0.14642934276606057
121720,0.08101516828279752
157028,0.24537956091384253
145253,0.20693211437725928
142471,0.07434547841633886
150388,0.047754524449489986
123166,0.07567844630147258
160603,0.36052442678150803
131422,0.08280960740745688
144357,0.11679721103086425
150130,0.12555893197516574
125475,0.07526831019131766
159399,0.12735322284459813
118187,0.029949763657503934
138203,0.08942201086465086
154451,0.053550161912730404
120050,0.05559053875163723
141129,0.0699138161990935
137451,0.09405560770251015
146659,0.09633399797386696
160082,0.47717355808098627
149387,0.09595667974754525
122231,0.04887791608772146
125181,0.07113341838760669
150965,0.04540550327336659
138028,0.07860981525074752
139181,0.09434596402557632
130447,0.055757247043012687
156472,0.09216035335829388
126377,0.08283686837097265
159067,0.42690255548764483
155290,0.15752565901677043
122578,0.07777259561968165
124639,0.09431676175835481
121967,0.05248826360134704
150778,0.08105335318265884
147443,0.13771657281629684
130963,0.08409898946767573
125095,0.10481356123127146
138244,0.09629183806111936
144308,0.12181968851408828
151866,0.06038947527421152
127438,0.09969203534343433
128323,0.07143265020586985
134564,0.08037258230734905
154070,0.08752213091733983
144695,0.09360980980937449
150980,0.04238283778647584
132841,0.05473833436537219
159250,0.4099850784584317
135266,0.0817529370830713
147704,0.09297342291417468
132809,0.10205982489367049
154224,0.058349312270429006
130553,0.17002062591799916
156705,0.30740378435795807
147559,0.08860521140687239
160632,0.304883324741271
136062,0.09470141397161151
141623,0.06306957961788041
122802,0.06407593559665871
141471,0.27905269197329957
118779,0.0581060142886848
121377,0.07307109680736247
157466,0.26837675066511363
144690,0.05913300523983011
147798,0.08796710573960484
160953,0.2526474860197179
133077,0.06129002464491782
141936,0.09568600596649077
123762,0.05291632245202353
157075,0.26829727221014027
147952,0.09183665106903394
122180,0.06290952408076138
125912,0.09659395059147466
147943,0.20114439089324518
137455,0.07448496061913162
158168,0.3136243423355541
155902,0.21060672159203192
157124,0.12642050473812436
134236,0.05595543799574732
133702,0.10378218437206244
126026,0.11503193108766654
147667,0.0725792716250625
146504,0.1403220237851933
160860,0.2983546915464642
126092,0.11126029450605664
144120,0.10818357132283031
135405,0.08301946316367997
118806,0.05640297550755618
144592,0.10436294767775323
136284,0.12332948892718873
129676,0.05823313016047004
131183,0.05892248020467396
122594,0.06916076140088892
135925,0.11416959250375636
159122,0.5397052198263791
138910,0.1255407508600948
151088,0.0549762420128036
151494,0.06200200112978088
123728,0.06647174710690926
159919,0.3262852365385774
130570,0.08055726183498056
137139,0.047281215616100165
117513,0.038738146090514
156978,0.23760999661802035
157876,0.22327586648404774
116751,0.05322082117015116
131382,0.10954761501216054
120542,0.03526621790382695
131228,0.07941911948252363
121618,0.03268012906794858
144641,0.08108819214029453
122035,0.0762831614382534
142644,0.15947238089010543
140138,0.069151733953086
151581,0.04204336922489515
147040,0.16091480268164268
138889,0.07171988582446222
117127,0.06200442536402547
118859,0.04057451651517756
123187,0.03713744326761721
139554,0.09901553875561662
117406,0.050443147820367525
144537,0.24796290684476177
153536,0.05745111538049634
150431,0.07032931372786558
143226,0.1118643505182711
158930,0.2152742782450912
135132,0.0969390141927727
154047,0.06676458570715614
134837,0.12736050730268855
142128,0.07770318219624069
135360,0.1263546895957026
149835,0.20877954021059394
160761,0.5021088449354865
157214,0.19093898211181248
149919,0.1413788102580264
120736,0.051632344490907145
123317,0.06418044769962163
135192,0.10345230067528922
129951,0.07406676029702434
135436,0.14242440710961865
160601,0.11263786837118658
133069,0.11452510836646344
133340,0.061182603512974734
140177,0.11948589071522198
122833,0.052744068072383604
117748,0.03706946979788531
133465,0.06420033110809452
136553,0.1287217137541461
145232,0.10573899189231561
144095,0.1066040692550458
122425,0.06780886447119247
145341,0.12593517549701033
137270,0.09725990056799887
151370,0.07557534976859606
150757,0.035250876505481636
120390,0.08407123235710193
143305,0.09710753755322436
136223,0.1120573698008919
143745,0.09119953308346741
126077,0.08059618066878223
127508,0.03710649505787035
147140,0.3950610209330115
135529,0.08449789845738803
132996,0.06461437260495023
139315,0.06919022170908834
134584,0.0679808635605978
126321,0.0954973716182143
131301,0.16411739089002322
154381,0.07796832744127956
127058,0.08785312617984642
152006,0.10394724719815042
150518,0.0654385252598174
144857,0.340115666638718
143049,0.06173600129386967
116939,0.05701607539130509
147960,0.3182065505127441
149813,0.09013661157842405
128510,0.05915841313203912
142554,0.12092937348483082
117183,0.13560927969774536
116595,0.049254255059218266
143402,0.11254081918039816
118969,0.05583239303209074
148886,0.06443866317416408
125856,0.07216629103668945
150017,0.2303887933616626
125460,0.10403346869960065
153043,0.30557320648180014
145028,0.2329493961839197
130282,0.056323292871326446
154028,0.0655765846634908
125264,0.05091283022537561
116619,0.04390564640385394
160822,0.2890303554292325
119548,0.05912801211001341
119814,0.09399633346258435
140964,0.1363465884757954
150590,0.09431368412824827
120459,0.043682502203071835
136750,0.10053744214033712
140114,0.06573069894129721
145168,0.13781206307868177
130593,0.0687084033680811
122500,0.05019696627747528
153475,0.04280754468978375
132377,0.09188595530030419
122086,0.06901022100678784
154836,0.04837864319210474
117111,0.05910147053794725
156672,0.1280889035591753
143671,0.1246932709796897
125190,0.10328659108530688
159611,0.2602725770464316
140012,0.12645888289736773
135477,0.0757488106803984
147923,0.07578464978515108
159798,0.3640735125694161
145783,0.11895479939435309
125251,0.06826723726660333
152916,0.20392267762333424
115997,0.03451136473204906
117825,0.1635262294368593
135313,0.08110425430453091
131681,0.07762692773696549
149231,0.07733660595155788
147560,0.16060409556243627
131999,0.08164195091136428
158122,0.1252727101671227
147677,0.09249892213122884
137528,0.09246494169102981
119395,0.05982688814906317
140102,0.10354710523139202
143766,0.13005286832324633
141566,0.10415005964696127
143295,0.10451274189671156
130645,0.16992624698092482
120221,0.048368895283354946
138851,0.07236872608773304
144300,0.14855920652514837
117926,0.06587748395585127
131431,0.10231546801471485
148859,0.11872749651219094
133222,0.04794137369420462
121344,0.07228817659653745
125390,0.07315003392591245
121585,0.06878714781592625
157192,0.18845710136441457
159107,0.5136478837903545
129264,0.069206668030917
134708,0.08289387828126414
128557,0.1724111715571201
160394,0.12461601996270012
146194,0.1131991857616984
147198,0.5206990857321739
119366,0.046233953304723
125897,0.07923203541868873
133895,0.06623477117130841
143168,0.1053664042701012
152305,0.08893914608787387
125100,0.05814231600944777
158152,0.2118071295254842
140535,0.2598179818080925
115900,0.0705983524431093
130747,0.07037892929563092
133535,0.12710894407844467
145500,0.1951033190726551
141960,0.1003753944282596
148552,0.17889159736424298
143814,0.09252563508995987
153351,0.07217370246713328
120193,0.04776120427372579
117804,0.0610381710900819
131229,0.09891525249952873
119895,0.05513636510705659
116616,0.05788323053612256
158257,0.07314438514108894
123785,0.03804857716469119
129259,0.0583821776157645
146919,0.15863597175870914
124891,0.05936200528730744
120076,0.0767434098191159
120574,0.06964028452225304
133257,0.06394976086131955
117085,0.07972492092430786
144336,0.09283554454395353
156414,0.3656075535057913
149305,0.10783212147378271
147089,0.16894561662946722
154243,0.06130869786631798
136104,0.10054643725205384
155301,0.22078046982185426
134629,0.05340786508938927
117320,0.07177748608496802
133932,0.1340992499327643
145793,0.11903280823963468
143636,0.15551141137731722
122731,0.11909203087536004
124506,0.07779924947513225
139856,0.10591650359606698
153561,0.29999361193910296
154914,0.11986316007180585
160631,0.29219617326099834
150087,0.07098232190111885
129061,0.09582597672570456
125880,0.07971062272601144
157152,0.2510594298095748
154588,0.04351861116171931
148052,0.3073411304872778
132843,0.0574824854696738
121556,0.06302169052800112
130609,0.07295092030839007
136513,0.0771193080213645
147833,0.09798124365671528
150188,0.08987942465502027
126020,0.08762077757347886
155635,0.11641000597530743
124630,0.2119716337778159
134829,0.10764399274298846
160437,0.3163633486954612
143651,0.13266028101908897
156506,0.29232106652524475
127461,0.1392514089868127
151951,0.057039919631692006
152621,0.04244940706396516
159862,0.12042887223731234
137014,0.09014422517892247
160493,0.2430000288755917
119282,0.06776146391977729
138320,0.08176568785603329
133250,0.15755761322274062
116398,0.06186794623439721
128790,0.05247995940413948
155988,0.15730977676349495
118910,0.05337753254326671
148501,0.09561280341645575
129654,0.06586056706787881
152569,0.057012090992730816
135491,0.09037201485411545
138561,0.06717384066691327
159339,0.08441649409212036
126276,0.05342034884781341
138109,0.06353964602331919
146855,0.27724515438523833
131243,0.09549447525372927
159436,0.14562409045098043
130013,0.057099974304898805
130700,0.06346758070561093
132301,0.15696358118310508
122827,0.06063409460527505
120173,0.054275873985465344
141642,0.2868764832724666
149448,0.07744112387160228
148079,0.1378512064907081
136725,0.08356836737951834
143578,0.11167032125198174
120652,0.04813092795693911
149424,0.11761090604970237
130725,0.06489591781331655
123870,0.08399441764110228
118157,0.08739669931964204
142192,0.14362643094018585
157551,0.42854637920563365
157025,0.3302613477985104
136430,0.08726558114623258
140957,0.07658901993203615
143112,0.14934940713281375
138312,0.09586638271162999
140600,0.08187777802942488
153363,0.08233437302937037
133111,0.07293086242120336
159907,0.22528150985998277
159654,0.22108893224216675
154395,0.13301204457442478
146989,0.06346910332733093
116714,0.052271467518824825
158978,0.13958805849539294
135009,0.08193978046217269
153021,0.04829122455550683
128504,0.11464270492261042
142601,0.07350965662382562
145818,0.14941411356400852
124842,0.06167316775579441
156767,0.2959061316494956
128984,0.07586714564078702
115959,0.07664033415378604
157694,0.24251445160277843
140390,0.06852013621596377
133923,0.09446204077146207
128605,0.09183418416455903
121515,0.03382925550060541
154542,0.07614346974344652
153501,0.06347580024138412
136896,0.10262735155190354
152403,0.14211009320413956
155872,0.07750623234286555
125622,0.09975724709222777
134107,0.08529136555561193
146048,0.13909307983497762
150710,0.09089050828168682
126128,0.07076470746238588
121682,0.06762919073951303
130301,0.10582031398286586
143052,0.10555600552814141
142054,0.09218170216999537
119493,0.06731216105375286
120899,0.056905356275255864
155847,0.29828541094058614
123826,0.04593498860412324
132147,0.05856117202771731
124294,0.06832980348063393
151463,0.05490276171736162
129099,0.13195905959304124
136028,0.14591643546269112
142788,0.07021585322742636
127724,0.11110292360759254
119183,0.05977363816722165
147655,0.2900270586835391
143215,0.11934579882864786
120777,0.05647890485137569
157742,0.24288582962132746
141165,0.11172805778760844
158290,0.3809586570714264
144730,0.0928077371243065
129269,0.04959403963301242
142610,0.1307234451689113
130239,0.069570155867337
130389,0.08875565093958421
159312,0.13724455623097834
133278,0.09457581182426883
145288,0.1769716497159164
149799,0.24659201467161704
139227,0.05916075907808546
127781,0.0676197254624261
141036,0.08163353882716129
124749,0.09247259671355348
159852,0.3808098051196292
148145,0.06278281759258711
133580,0.1150058296378456
155547,0.1492349277995263
157886,0.202213785603483
121346,0.07988040565564165
146849,0.11920961751092747
152295,0.08244992185045806
126204,0.08993560158793103
125062,0.08454512726302814
137663,0.04358098186910975
153713,0.047682792656491745
161053,0.10340139082369769
120201,0.05307695315238637
155859,0.11100184511945806
153649,0.07949894793987793
140374,0.12787399896820148
120904,0.06611329717155721
143273,0.08288523528115938
160666,0.26786286228406914
152635,0.0395699525699506
130360,0.08441145751423397
116777,0.05880650811198144
136714,0.0781052821346969
119989,0.06053369360399731
144571,0.1277338555212295
130945,0.126484684064682
153465,0.05770425459686168
143503,0.10403869621273491
153328,0.08463189742707604
125966,0.10249555040598796
121525,0.042362720741718
155160,0.062193630128498344
153756,0.09593538489485495
145263,0.07583931003082627
153567,0.09476650139173187
139924,0.11761771322430353
136482,0.09022566758132457
134116,0.1363430014206123
143207,0.0723922225942136
123097,0.14145618173916624
119973,0.07654073158268199
155617,0.09548364273537213
135547,0.28353721641964397
124675,0.12766940480029856
142705,0.06403046917284837
152730,0.05863151772221357
127587,0.08557368732979288
124135,0.08698776234110021
139885,0.07215159573729416
142627,0.0713082023314878
130519,0.06065097432453488
150654,0.05377927612594616
123088,0.07333262339445619
153083,0.106432201502231
123339,0.05294335162554765
117251,0.06999649968621122
116466,0.07698480837816143
125746,0.09601811572126204
125519,0.07371897983277452
122703,0.05908022248629792
123541,0.04580672580923856
131724,0.06495698632798827
128252,0.06571740948541312
123999,0.08709712658185027
153824,0.08478919341669054
128363,0.07132302031564478
145548,0.05870761251902719
147102,0.3901191926132317
125787,0.13587716075389888
132601,0.0529337915047224
126762,0.10479993174843774
131565,0.07369637400659317
145389,0.11576791595988578
132206,0.052118178036761144
136523,0.07441752034368225
132330,0.06289889614110991
151739,0.05560717989421686
121228,0.04555203161581293
144659,0.14775162742810558
120354,0.0723200856015569
116457,0.04923183412836937
156854,0.28994741377464783
144582,0.11382451728702711
118060,0.05526445757001821
156099,0.08695473104868424
127396,0.07673232415300267
141236,0.13235073028436542
128774,0.07812058306421243
150801,0.1973178282464815
142341,0.0722475271746173
119442,0.059439466534535634
124834,0.08632899924617919
130574,0.09642019626095982
155982,0.22904576443782151
149384,0.051000920097850615
160227,0.07505092572803743
134877,0.10500079751017592
146494,0.16668033248269473
156990,0.20564068814193484
155586,0.24393815332606533
160047,0.35908226092736173
121454,0.05667916857374592
153750,0.06926564424262112
134387,0.09880609757422616
116287,0.056945968234661234
120575,0.05933154409460375
129513,0.1022577960209002
137918,0.117022828761678
129496,0.08021858451751324
121016,0.0803185479052424
123866,0.05143193261192354
145018,0.16491868252565084
136459,0.08387859374928698
149150,0.16844791511178753
151577,0.05734862918359159
149852,0.07855852294594791
134733,0.1244614180445111
129733,0.06678626718804727
153259,0.0625147026439412
150862,0.04422094055366735
148294,0.13238112071899327
133481,0.0740124546375712
135786,0.10828904078154912
151469,0.05268862227209433
158104,0.13037681044220992
150556,0.11817742573422611
145863,0.20791095059459166
145278,0.0772045342286742
145678,0.09632547947062087
150831,0.15057170757076532
124058,0.11704258515685945
157756,0.23548177599293313
133174,0.10453332043630531
121977,0.05255370199340635
140596,0.06293920908643473
119809,0.06708544396987665
160486,0.2630133917573339
151241,0.06520841675543915
144781,0.13532758874840337
159856,0.20127610076184393
146272,0.15892715431628374
118636,0.05545904822970768
159678,0.08693027396679122
141383,0.11196604132388757
115966,0.06291833201472287
133099,0.06296797422577848
147939,0.12691826189546018
136761,0.09762707833722352
155279,0.16419086587816242
130490,0.06556974767576781
115903,0.07987848445292023
122813,0.050888973734899784
142487,0.14440741755366268
146359,0.06809247316357965
151904,0.03859516611222323
150746,0.2088621012500742
123910,0.07316770360869916
125185,0.1278927871307751
136628,0.09097731485432975
144536,0.21385302562673622
125768,0.12136305213877363
148451,0.1580550384442438
147808,0.13676618031982796
140058,0.10837571697365825
149627,0.14340112411044464
159410,0.08430422699110814
133959,0.04358714575506123
135594,0.11337362425981175
144717,0.2111529275915352
135293,0.11376378143796015
150643,0.1021690194486852
138845,0.05707407631317819
120055,0.1054463324929751
125302,0.07967193200374242
144874,0.08914106413425193
133055,0.047829552015867687
125235,0.11474384922644393
120620,0.04826237376434229
142391,0.13463710816478153
142519,0.10353378366402005
153534,0.08309356786920447
152217,0.09444446057855725
127290,0.09297203661517964
152027,0.05106997644402375
155102,0.1058651722924315
121249,0.08685066312294491
131443,0.05634143391077264
122053,0.056032857450333866
141295,0.07399218511560146
147444,0.23972816917784207
131810,0.09625621098952172
129220,0.13262936410585877
126175,0.08220679942417233
146935,0.15557467363568225
155887,0.10605535692515827
160649,0.3664167770420199
156713,0.121982627750353
154054,0.10214496624907021
160496,0.24729200669080498
122654,0.07369205242632182
126169,0.08749787265863122
153024,0.029985271093848416
118022,0.047396249532177255
160785,0.36582624301708316
140790,0.1519863879150045
120386,0.06606183814438461
151516,0.052273151225445666
130620,0.0697365742291594
122103,0.038349439622838634
152641,0.06843954783198565
133558,0.0796806929954866
148343,0.2973145508025399
121083,0.04860844823817772
154892,0.08317744961371906
119504,0.07944638285511385
151865,0.07519237845913931
129838,0.07297815383553367
151948,0.06267383631842212
120885,0.04662806139259017
116158,0.06975184372957122
145344,0.0849158306654768
119568,0.04558134991011132
117385,0.04038607751708825
143365,0.11205631155467184
147663,0.281533190233961
135273,0.08287345078393765
138859,0.07547967640335645
154927,0.03477183808002993
150080,0.2256676169057424
124230,0.06850054934026768
131770,0.06885991444987268
152020,0.09091211542495761
141436,0.12103232503633887
123376,0.05707007579504847
131366,0.062115713588139325
142200,0.11252083192431597
139049,0.12066193105900701
155375,0.110073353888495
137546,0.07090922248158321
126120,0.0502566824915611
153297,0.046133812048297036
120456,0.06949577629461949
158649,0.21205507483492844
133511,0.030210319313770783
157004,0.13863148837673483
146863,0.11722795138252796
157038,0.0917287832184426
153044,0.06841149800993836
120644,0.15347727652519633
141878,0.1355261731113047
125552,0.09937035891499424
123434,0.05696284583015308
144121,0.117229441356749
147042,0.3498065824620977
152492,0.04226601111894805
132451,0.060696780366111126
135055,0.11455967693293942
130383,0.10909514015876019
122510,0.066876962828741
147317,0.4798109548911468
153744,0.06224212919387925
155676,0.3443442534557322
156231,0.11113670875889631
131268,0.08402378258236144
146474,0.07813800623650947
116167,0.057160513058771754
120229,0.10173905918810806
130084,0.06788906417358836
150739,0.0493110545379763
153513,0.09031816117676711
126763,0.11471880691202314
124313,0.11700096609006382
138424,0.09929977818630265
121811,0.05041808610373219
142199,0.12539936938313084
155494,0.20144743722490374
132643,0.07315966646190654
159835,0.11743050781450969
136391,0.059143392166071965
144115,0.13914428058164052
127954,0.08767108923327523
121123,0.05555650941225412
129134,0.06640267254534267
160508,0.37722997785090673
135820,0.0978212457544597
152402,0.13629506400644079
137151,0.0643929940611892
135954,0.14492304000691467
132840,0.10684705621036333
151860,0.09431747072771939
151371,0.0392093451305126
155297,0.10833388483135216
138025,0.08175298951714258
138061,0.09202668087904023
156639,0.15881419378766898
147813,0.09580799669577703
139409,0.08796421929720269
145673,0.1362136860919669
145141,0.176916280871038
123718,0.06313928814534209
127627,0.10242669573846533
134128,0.09084992945490108
158928,0.0889821950814357
144930,0.14198261166241752
151644,0.04578570483968098
127000,0.12554057725969883
142312,0.0794777390354808
147162,0.35872963452033035
153661,0.06277419020039958
129147,0.13467227502583876
129213,0.07963017369776627
158335,0.13883951561170915
138879,0.10845722800532132
138824,0.056876295565955234
135256,0.1159761987142635
147533,0.07724511320034133
126507,0.11543886115700099
150986,0.055045490406321826
116444,0.08171427589986265
149864,0.10940738264512226
136473,0.10780113375869767
148713,0.08174082076501107
158003,0.2921496720798142
133581,0.08597864422246325
148498,0.18382159093750333
117556,0.048382202255496574
124539,0.08989891966835162
128451,0.06794596337779296
147563,0.27513984466778046
133852,0.11647317163218665
130922,0.07417881138351458
127787,0.08466689328526969
135294,0.054891798391723264
124007,0.114261494105262
128006,0.051104210388057056
157855,0.3926461275575833
146019,0.24960446170444808
144476,0.19200927967707215
153097,0.07371120171921695
133527,0.10403542270272503
126416,0.07216295800846222
148554,0.07175852926142486
158184,0.2613854203198254
123751,0.04680357548209899
141195,0.08376193224518352
150729,0.056413646385906555
119025,0.04886288578481396
119469,0.039049198103742105
117135,0.05783412212568397
125151,0.07161471668536766
126315,0.058683742893676
141145,0.11832817160764537
122229,0.05674227178467459
125388,0.12043519610966856
160350,0.09731177856865314
132847,0.10502449483579747
147012,0.1998206645177039
157147,0.111431946584595
120731,0.0738321439497738
126805,0.09670956560466527
139300,0.08452319228938336
151122,0.06562173212033436
133549,0.06573822212125445
127138,0.05863733946761438
144413,0.07283381297226355
127962,0.06348851217794409
141954,0.06167658279601347
128717,0.12576350368093325
121205,0.074249390939697
154190,0.05059532615480684
151773,0.03941541103543639
118103,0.06229419511241003
144840,0.16802184574731946
125646,0.07233963456775569
144132,0.14154165690000736
148224,0.0754679874835481
131702,0.05850948688323175
117938,0.06938229925979035
131823,0.06763028883220956
148193,0.24997272998066825
135247,0.07458146543960803
144393,0.07595353676582738
135639,0.045941370454757866
159441,0.32121790711532033
137400,0.06849929895276774
121631,0.050809723786120184
140339,0.1436881726960808
130046,0.10275493462176004
120409,0.042300895595421203
157128,0.10116000490519972
152537,0.07393619334151216
133310,0.10182415819793855
141400,0.12113422015760174
141454,0.0757311203955049
160366,0.11168802081609937
151190,0.07698672194520124
117268,0.09062668096698231
155721,0.08506081774936816
143091,0.0922972246776907
148009,0.10289260076553437
145052,0.08545195789862804
133393,0.09858568635201342
125862,0.08579760729168857
147507,0.15742989145705558
145208,0.12508418972172994
160866,0.2913474653909705
122557,0.06394084787930576
117818,0.05263298451432496
119087,0.04625310815912113
155663,0.3511559619185945
139455,0.10844323754014508
156287,0.0744096533208555
125069,0.09798099955785165
115914,0.06672368590776562
130454,0.1498626231212086
130808,0.07530843250603485
149497,0.08771387026730938
135587,0.1127541950049778
145728,0.14592560602498528
132517,0.04653013566869825
154039,0.046655371286976194
122637,0.09532631119978215
144804,0.14695020545306028
152456,0.0856179051726388
154132,0.07837653747790695
153650,0.054169027910683516
132723,0.07223755341254637
153278,0.13865931120605565
137165,0.08887227680242579
146797,0.2796268819353355
161013,0.3283495597875348
134360,0.060617094085293734
155648,0.16010159353649095
156128,0.0860478738768549
156108,0.215201207546852
123384,0.14320765619240602
147609,0.12527715072017867
136155,0.05956954631255725
150584,0.12348142167805717
123056,0.04368077878731345
133979,0.06037383973983327
155490,0.20922648557547685
126910,0.058731466192796206
125450,0.1611660030625595
149791,0.06958917825491874
145274,0.3370753999429724
116316,0.06690345990232795
136389,0.06281761155305128
135791,0.08822221282874283
158949,0.26477086436871605
151159,0.05309539723850297
153048,0.17175741400510816
130754,0.12880922638317185
153425,0.05853149103310377
147213,0.45270150002631804
122501,0.08029024017016168
144320,0.13214275956829305
129121,0.10214710718341047
138437,0.08821342237826343
127854,0.08873987744995127
153002,0.043280522448206314
126207,0.0926256594289454
155952,0.14522645949909568
138574,0.07645166496578759
147066,0.1043386812022323
134027,0.055153770168537467
129552,0.08120169551376391
121188,0.08152338541545708
119752,0.0827656143442449
118489,0.08033002282433443
146242,0.1485684784726597
157546,0.2212795176201263
143524,0.10575318509836933
137074,0.10892013849859958
148370,0.06717281879271104
159470,0.2169274581877935
115976,0.05360752917812458
149272,0.08182271999820483
148606,0.12510347337195898
128389,0.12854630244452872
143160,0.0989809837122944
127853,0.02789450178143818
137537,0.06562554117251432
142237,0.1119399719150817
147639,0.1618369859136828
145488,0.07701264604403983
156580,0.32298391116694264
140498,0.06961933100067601
159630,0.34886937295040354
128241,0.07652585028212419
122072,0.04839504323601337
132271,0.09914625299476845
130422,0.08588488283482246
153989,0.07135609982806876
135562,0.07250961134004304
157829,0.43898760879408766
140139,0.10949020132693028
123606,0.07540840004694274
127975,0.07160730954151133
154671,0.06653081386849062
131638,0.08055248035011268
116605,0.05280008180255009
149529,0.06821750361279165
126637,0.1131620643293289
128523,0.07496120086572872
134964,0.08194458641945791
134391,0.09590548957997895
127591,0.1158506129335998
145895,0.08587057676701618
141216,0.16517504633927044
156460,0.07968529952129004
141214,0.09638785554699501
156176,0.3707903563818003
152388,0.05706811489479127
148871,0.1302840031551904
145163,0.0665349217055518
136860,0.12074275606325101
158251,0.2659392312750859
117837,0.12290116440027096
160492,0.08480216209879146
124158,0.08992195268064565
138112,0.09128147868966806
122847,0.2259066090586324
124342,0.07283203578283094
147725,0.08027318453518921
123041,0.05651878776809381
139500,0.08420911867455093
126294,0.053922654140335834
138748,0.060196919464454456
120249,0.07143049201606755
136127,0.07347345664869435
151575,0.18125246357636288
152086,0.08325338655891963
126844,0.09380450216090436
155161,0.07694806212862483
147344,0.3922529787867532
136543,0.08390313769974421
142401,0.1066120830788772
156046,0.137165687389798
133989,0.10455987075284427
155845,0.27889258366457176
130014,0.07129280907553218
134621,0.061483928232176355
117186,0.07190613004934425
155291,0.35717849655346673
123030,0.06713597985244689
129474,0.09276747944121982
121059,0.07191538031150684
143027,0.06920353613667406
154396,0.1595915184420967
133598,0.15269374878900627
143407,0.0778148536592283
140585,0.06921663373137693
137833,0.05955405714957789
116294,0.08430828733217875
156879,0.33868074326130876
157996,0.0919664424193596
146614,0.14614691069124328
160890,0.3002996782796498
133482,0.16104281514672417
134592,0.11842798668733759
116023,0.05537537024996593
159531,0.2822927981283394
138912,0.0999225448859804
122084,0.04889040183589569
117977,0.04170142717471464
137975,0.12630340249093502
129195,0.06582760492220609
126518,0.08200369117132583
131061,0.055575296525274494
117386,0.04192982453824129
129000,0.05938456194134961
116314,0.05258098895183863
140297,0.07384203407350913
152988,0.04650397681016512
148484,0.1421298843622529
116934,0.0957234169500861
150936,0.07136848497098947
120737,0.05043580486600274
137607,0.1140910090517389
122672,0.053331067026755136
116445,0.05268780498420083
151804,0.10898463367750667
139109,0.06257659126315193
147414,0.1498725612593954
159491,0.280302205917521
131870,0.11565039148773204
129476,0.14240393514789926
137516,0.0706086326521389
116043,0.0589127299085319
151612,0.10895328984243063
133597,0.05395443135312795
120719,0.04752884790940413
157483,0.3196171263438049
125176,0.06688095408915957
122335,0.04503303986526717
137028,0.10385675501488603
153258,0.05322855728466461
121003,0.044020529054089874
155214,0.06019381068227769
132477,0.11668465669306581
124973,0.11703241201555961
159290,0.08996720855664114
121071,0.14429843486690852
149514,0.1752807188093753
116313,0.06825227293476482
136085,0.13248930443853713
140219,0.1380951724934007
134430,0.07187883088517731
157745,0.16695250696882988
117953,0.05984124919921562
129318,0.0698846377385944
142676,0.09455776147908393
146948,0.1474472865766122
147439,0.053579145436827874
125328,0.07807082020130894
147604,0.15035551183326992
147229,0.057609700997751985
137342,0.14579674142338545
154689,0.09808502649721071
128692,0.0862054706501619
142076,0.13943414718345587
154209,0.07914890592003236
122014,0.042311651532517744
125366,0.09398597367663211
141919,0.10738069508863343
126921,0.054911178260648064
131667,0.07078592568487031
142503,0.0872524737858372
149386,0.09969415721980136
126003,0.10546946471560671
153308,0.12819974493385625
146899,0.1588786648362401
157027,0.26027645208013417
141408,0.09205537676634006
147401,0.053014737814710715
140269,0.06715600276382812
135999,0.10915309283419636
135844,0.1283036456026597
149119,0.07534173957037142
134694,0.09375865281250831
117497,0.05986056719798864
152552,0.06619550187545277
129367,0.08763432972378939
130316,0.08731767883327805
147022,0.32541142230593906
144548,0.2890465576343291
150071,0.0888104687230907
144971,0.10893046178918923
116079,0.12175908898662517
116344,0.05829581405190104
127888,0.08169611052148772
147496,0.14807662629296559
130786,0.05770114579148041
159569,0.2784321027941503
146683,0.200115263508088
120676,0.07567990892880681
153674,0.05042259190995328
156300,0.06672959698666005
149203,0.0764919409137075
158867,0.2989647159213943
139793,0.14093525312487162
127761,0.10523331539913883
139722,0.0898089218645288
145461,0.12774856661930528
129250,0.07651989771149044
148076,0.07787317978151893
139629,0.06676874017740425
160935,0.2085243203514441
131339,0.06306387702531922
129590,0.07144880854784429
116806,0.05435425239281192
146808,0.1528629089859582
145861,0.09557366203862566
121605,0.06195789145706752
151177,0.05750237952805459
124225,0.0660747494740697
155049,0.09345550511699506
148920,0.19476955346791353
145134,0.19247777104921854
157636,0.31458357865308345
155104,0.08008267292960486
117290,0.037551638457566705
132597,0.06694807917664482
147643,0.0687153713113995
116492,0.056663481504544866
135052,0.10463372544444773
150064,0.10739553550542598
158668,0.19208702209695977
143977,0.10495276215148136
139519,0.07561485107564157
123881,0.062321307860365896
155655,0.22750217974759393
136441,0.1467535586670878
127770,0.09644934726189316
132590,0.08459600991655529
137545,0.09349164672561444
126994,0.05863739506899595
147201,0.39668763044916117
142065,0.14301147672178527
160180,0.3149136712398021
131942,0.12935249233274104
150712,0.07894316529691894
130838,0.06999588620407453
121643,0.07762288839024616
145312,0.11370873882612441
143386,0.0911551406173296
134970,0.1332219424647029
126907,0.04362295104095452
120346,0.06462602101736335
154218,0.056408574649620485
117783,0.0368620927697188
156282,0.09937645066175696
116091,0.18104647905521268
135864,0.09894673993355595
132872,0.06723474427399799
159723,0.30147170502402537
158429,0.29924466200209565
126693,0.14505091506338283
116849,0.05535046872647786
149108,0.11761362586023183
133124,0.10551453136220604
129097,0.0913942611227994
128962,0.09825478186588424
129600,0.058286528178420845
126448,0.08962944238785134
117966,0.10884023480235534
155590,0.11754115476053156
116092,0.04170716026057267
140406,0.04835052135652507
137896,0.10072744785483918
136805,0.06173248539618874
127475,0.08585442738570424
149643,0.3255229833960811
150606,0.08182844117224446
135902,0.09802066654781223
118564,0.045173033713758484
150395,0.06903924386675703
151101,0.32060551298909173
139870,0.09014569072558207
121875,0.0636765612533878
146468,0.10003408808859066
156886,0.1848761962937236
123563,0.07571270154329704
121939,0.060673064222683516
147699,0.1759691252587665
132625,0.20717232930504148
138696,0.06509559705874772
129655,0.06550378525982296
134226,0.10388714454746167
119663,0.04540585356948915
143453,0.11288697077902098
132753,0.10492216395052295
146569,0.1343828475493647
142582,0.10890123860477777
160109,0.15890244460043226
160743,0.44355254939444577
117958,0.03655408064308883
132731,0.04314837408646669
154233,0.04986151127312946
158530,0.17646413993066307
137239,0.12181861842882169
124621,0.10758563841307384
132185,0.07517723535088418
138744,0.09852129541749613
139005,0.09310500670729252
132177,0.06278693927651119
133614,0.1422652803894035
136746,0.11398916249087317
138084,0.07916569060427309
155740,0.37430548535727387
128974,0.057028902277080434
144210,0.07807687624928512
141847,0.11811416094703851
154986,0.14318679185508673
121018,0.052495483729816335
144841,0.12126206498405287
152941,0.07614404181058548
152330,0.07715646011603561
133156,0.07356164901599961
120474,0.05935428195208549
160824,0.3416856097977713
123210,0.06276087911527324
152616,0.12821922210290648
148131,0.11030164552539923
134778,0.09192724137079723
161062,0.3542469378157226
148741,0.0797823803650319
136773,0.09867171708493218
120036,0.04371160162809589
143709,0.1343781723160608
141499,0.07289953051140856
130401,0.07511797406598279
134118,0.06241341843557087
149018,0.11243802458198697
142785,0.12130079169500349
157841,0.3702287829174451
142548,0.10308250611741594
133305,0.09358150866270999
134528,0.07365864697374024
144583,0.16570285396767967
160981,0.41737675460797896
120726,0.10244474527414513
